<?xml version="1.0" encoding="UTF-8"?>
<!DOCTYPE mapper
  PUBLIC "-//mybatis.org//DTD Mapper 3.0//EN"
  "https://mybatis.org/dtd/mybatis-3-mapper.dtd">
<mapper namespace="com.aiweb.mapper.BoardMapper">

	<select id="getList" resultType="com.aiweb.domain.BoardVO">
		<![CDATA[
		 select * from tbl_board where bno > 0 
		]]>
	</select>
	
	<insert id="insert">
		insert into tbl_board (bno, title, content, writer) 
		values (seq_board.nextval, #{title}, #{content}, #{writer})
	</insert>
	
	<insert id="insertSelectKey">
		<selectKey keyProperty="bno" order="BEFORE" resultType="long">
			select seq_board.nextval from dual		
		</selectKey>
		insert into tbl_board (bno, title, content, writer) 
		values (#{bno}, #{title}, #{content}, #{writer})
	</insert>
	
	<select id="read" resultType="com.aiweb.domain.BoardVO">
		select * from tbl_board where bno = #{bno}
	</select>
	
	<delete id="delete">
		delete from tbl_board where bno= #{bno}
	</delete>
	
	<update id="update" >
		update tbl_board set 
		title=#{title},
		content=#{content},
		writer=#{writer},
		updatedate=sysdate  
		where bno=#{bno}
	</update>
</mapper>






