<?xml version="1.0" encoding="UTF-8"?>

<!DOCTYPE mapper
  PUBLIC "-//mybatis.org//DTD Mapper 3.0//EN"
  "https://mybatis.org/dtd/mybatis-3-mapper.dtd">
  
 <mapper namespace="com.aiweb.mapper.MemberMapper">
 
 <select id="getList" resultType="com.aiweb.domain.MemberVO">
 		<![CDATA[
 		select * from members where bno > 0  
 		 <!-- ; xml은 안 붙음, CDATA[]써야 태그인식 안함. -->
 		]]> 	
 	</select>
 	
     <!-- 아래 2개중 2nd것을 씀. 1)bno 0부터시작  2) bno 부터 시작-->
 	<insert id="insert"> 
 	  	insert into members (MNO,EMAIL,PWD,MNAME)
 	  	values (MEM_SEQ.nextval, #{EMAIL},#{PWD},#{MNAME}) 	  	
 	</insert>
 	
 	<insert id="insertSelectKey">
 		<selectKey keyProperty ="MNO" order="BEFORE" resultType="long">
 			select seq_board.nextval from dual 		
 		</selectKey>
 		insert into members (MNO,EMAIL,PWD,MNAME)
 	  	values (#{MNO},#{EMAIL},#{PWD},#{MNAME}) 		
 	</insert>
 	
 	<select id="read" resultType="com.aiweb.domain.BoardVO">   
 		 select  * from members where mno = #{mno}	
 	</select>
 	
 	<!--delete 구현 -->
 	<delete id="delete">
 		delete from members where mno=#{mno}
 	</delete> 	
 	
 	<update id="update">
 		update members set 
 		mno=#{mno},
 		EMAIL=#{EMAIL},
 		PWD=#{PWD},
 		cre_date=sysdate,
 		mod_date=sysdate                 
 		where mno=#{mno} 	
 	</update> 	
 
 </mapper>